,config,benchmark,network_type,encoding,configuration,k,n_nodes,n_edges,n_vars,n_clauses,n_groups,n_Avars,utime,max_res_set_size,exit_status
4,config-0,MadridAdj.txt,kaustav,,,1,54.0,226.0,123.0,717.0,54.0,15.0,4.0,48936,0
56,config-0,MadridAdj.txt,kaustav,,,2,54.0,226.0,213.0,840.0,54.0,105.0,6.62,48940,0
108,config-0,MadridAdj.txt,kaustav,,,3,54.0,226.0,230.0,907.0,54.0,122.0,7.72,48940,0
160,config-0,MadridAdj.txt,kaustav,,,4,54.0,226.0,247.0,973.0,54.0,139.0,7.85,48936,0
212,config-0,MadridAdj.txt,kaustav,,,6,54.0,226.0,320.0,1069.0,54.0,212.0,7.53,48936,0
264,config-0,MadridAdj.txt,kaustav,,,8,54.0,226.0,352.0,1154.0,54.0,244.0,6.19,48940,0
316,config-0,MadridAdj.txt,kaustav,,,10,54.0,226.0,392.0,1235.0,54.0,284.0,6.58,48940,0
368,config-0,MadridAdj.txt,kaustav,,,12,54.0,226.0,418.0,1291.0,54.0,310.0,5.26,48936,0
420,config-0,MadridAdj.txt,kaustav,,,16,54.0,226.0,486.0,1395.0,54.0,378.0,5.81,48940,0
3,config-0,ParisAdj.txt,kaustav,,,1,10.0,14.0,23.0,72.0,10.0,3.0,1.14,48840,0
55,config-0,ParisAdj.txt,kaustav,,,2,10.0,14.0,38.0,94.0,10.0,18.0,1.1,48852,0
107,config-0,ParisAdj.txt,kaustav,,,3,10.0,14.0,48.0,101.0,10.0,28.0,1.21,48852,0
159,config-0,ParisAdj.txt,kaustav,,,4,10.0,14.0,50.0,104.0,10.0,30.0,1.16,48848,0
211,config-0,ParisAdj.txt,kaustav,,,6,10.0,14.0,48.0,98.0,10.0,28.0,1.23,48848,0
263,config-0,ParisAdj.txt,kaustav,,,8,10.0,14.0,38.0,76.0,10.0,18.0,1.21,48848,0
315,config-0,ParisAdj.txt,kaustav,,,10,10.0,14.0,20.0,48.0,10.0,0.0,1.04,48844,0
367,config-0,ParisAdj.txt,kaustav,,,12,10.0,14.0,20.0,48.0,10.0,0.0,1.04,48844,0
419,config-0,ParisAdj.txt,kaustav,,,16,10.0,14.0,20.0,48.0,10.0,0.0,1.08,48844,0
1,config-0,PhilippineAdj.txt,kaustav,,,1,14.0,51.0,35.0,166.0,14.0,7.0,1.15,48864,0
53,config-0,PhilippineAdj.txt,kaustav,,,2,14.0,51.0,54.0,197.0,14.0,26.0,1.19,48864,0
105,config-0,PhilippineAdj.txt,kaustav,,,3,14.0,51.0,58.0,211.0,14.0,30.0,1.07,48864,0
157,config-0,PhilippineAdj.txt,kaustav,,,4,14.0,51.0,62.0,224.0,14.0,34.0,1.11,48864,0
209,config-0,PhilippineAdj.txt,kaustav,,,6,14.0,51.0,84.0,236.0,14.0,56.0,1.11,48860,0
261,config-0,PhilippineAdj.txt,kaustav,,,8,14.0,51.0,82.0,230.0,14.0,54.0,1.1,48864,0
313,config-0,PhilippineAdj.txt,kaustav,,,10,14.0,51.0,72.0,208.0,14.0,44.0,1.16,48868,0
365,config-0,PhilippineAdj.txt,kaustav,,,12,14.0,51.0,54.0,170.0,14.0,26.0,1.26,48868,0
417,config-0,PhilippineAdj.txt,kaustav,,,16,14.0,51.0,28.0,130.0,14.0,0.0,1.19,48864,0
5,config-0,ZerkaniAdj.txt,kaustav,,,1,39.0,89.0,91.0,370.0,39.0,13.0,1.18,48884,0
57,config-0,ZerkaniAdj.txt,kaustav,,,2,39.0,89.0,153.0,456.0,39.0,75.0,1.28,48884,0
109,config-0,ZerkaniAdj.txt,kaustav,,,3,39.0,89.0,165.0,503.0,39.0,87.0,1.31,48888,0
161,config-0,ZerkaniAdj.txt,kaustav,,,4,39.0,89.0,177.0,549.0,39.0,99.0,1.25,48888,0
213,config-0,ZerkaniAdj.txt,kaustav,,,6,39.0,89.0,225.0,617.0,39.0,147.0,1.3,48880,0
265,config-0,ZerkaniAdj.txt,kaustav,,,8,39.0,89.0,247.0,675.0,39.0,169.0,1.26,48884,0
317,config-0,ZerkaniAdj.txt,kaustav,,,10,39.0,89.0,273.0,727.0,39.0,195.0,1.4,48888,0
369,config-0,ZerkaniAdj.txt,kaustav,,,12,39.0,89.0,289.0,764.0,39.0,211.0,1.29,48880,0
421,config-0,ZerkaniAdj.txt,kaustav,,,16,39.0,89.0,333.0,828.0,39.0,255.0,1.39,48884,0
24,config-0,ca-CondMat.mtx,collaboration,,,1,21363.0,91286.0,43099.0,268752.0,21363.0,373.0,93.97,227552,0
76,config-0,ca-CondMat.mtx,collaboration,,,2,21363.0,91286.0,106809.0,353462.0,21363.0,64083.0,73.08,237084,0
128,config-0,ca-CondMat.mtx,collaboration,,,3,21363.0,91286.0,128166.0,396175.0,21363.0,85440.0,81.69,243072,0
180,config-0,ca-CondMat.mtx,collaboration,,,4,21363.0,91286.0,149521.0,438884.0,21363.0,106795.0,68.95,258460,0
232,config-0,ca-CondMat.mtx,collaboration,,,6,21363.0,91286.0,192225.0,524290.0,21363.0,149499.0,64.43,272224,0
284,config-0,ca-CondMat.mtx,collaboration,,,8,21363.0,91286.0,234921.0,609680.0,21363.0,192195.0,73.04,315636,0
336,config-0,ca-CondMat.mtx,collaboration,,,10,21363.0,91286.0,277609.0,695054.0,21363.0,234883.0,79.4,342452,0
388,config-0,ca-CondMat.mtx,collaboration,,,12,21363.0,91286.0,320289.0,780412.0,21363.0,277563.0,72.79,369252,0
440,config-0,ca-CondMat.mtx,collaboration,,,16,21363.0,91286.0,405625.0,951080.0,21363.0,362899.0,72.6,442484,0
27,config-0,ca-Erdos992.mtx,collaboration,,,1,6100.0,7515.0,12393.0,39888.0,6100.0,193.0,7.79,100920,0
79,config-0,ca-Erdos992.mtx,collaboration,,,2,6100.0,7515.0,30494.0,63816.0,6100.0,18294.0,8.64,108032,0
131,config-0,ca-Erdos992.mtx,collaboration,,,3,6100.0,7515.0,36588.0,76003.0,6100.0,24388.0,16.61,113504,0
183,config-0,ca-Erdos992.mtx,collaboration,,,4,6100.0,7515.0,42680.0,88186.0,6100.0,30480.0,8.69,113544,0
235,config-0,ca-Erdos992.mtx,collaboration,,,6,6100.0,7515.0,54858.0,112540.0,6100.0,42658.0,20.78,127340,0
287,config-0,ca-Erdos992.mtx,collaboration,,,8,6100.0,7515.0,67028.0,136878.0,6100.0,54828.0,23.7,132048,0
339,config-0,ca-Erdos992.mtx,collaboration,,,10,6100.0,7515.0,79190.0,161200.0,6100.0,66990.0,24.18,139328,0
391,config-0,ca-Erdos992.mtx,collaboration,,,12,6100.0,7515.0,91344.0,185506.0,6100.0,79144.0,26.54,147388,0
443,config-0,ca-Erdos992.mtx,collaboration,,,16,6100.0,7515.0,115628.0,234070.0,6100.0,103428.0,31.26,173460,0
25,config-0,ca-GrQc.mtx,collaboration,,,1,4158.0,13422.0,8478.0,43854.0,4158.0,162.0,15.93,105896,0
77,config-0,ca-GrQc.mtx,collaboration,,,2,4158.0,13422.0,16693.0,57350.0,4158.0,8377.0,17.61,108932,0
129,config-0,ca-GrQc.mtx,collaboration,,,3,4158.0,13422.0,18100.0,62911.0,4158.0,9784.0,15.61,109808,0
181,config-0,ca-GrQc.mtx,collaboration,,,4,4158.0,13422.0,19757.0,68469.0,4158.0,11441.0,25.23,107268,0
233,config-0,ca-GrQc.mtx,collaboration,,,6,4158.0,13422.0,25769.0,76775.0,4158.0,17453.0,28.51,111928,0
285,config-0,ca-GrQc.mtx,collaboration,,,8,4158.0,13422.0,28829.0,84437.0,4158.0,20513.0,28.14,113792,0
337,config-0,ca-GrQc.mtx,collaboration,,,10,4158.0,13422.0,32029.0,91775.0,4158.0,23713.0,30.71,115408,0
389,config-0,ca-GrQc.mtx,collaboration,,,12,4158.0,13422.0,34827.0,97262.0,4158.0,26511.0,28.33,117676,0
441,config-0,ca-GrQc.mtx,collaboration,,,16,4158.0,13422.0,41579.0,107904.0,4158.0,33263.0,29.05,119444,0
26,config-0,ca-citeseer.mtx,collaboration,,,1,227320.0,814134.0,455722.0,2539712.0,227320.0,1082.0,391.25,1579048,0
78,config-0,ca-citeseer.mtx,collaboration,,,2,227320.0,814134.0,909254.0,6629000.0,227320.0,454614.0,495.62,2595336,0
130,config-0,ca-citeseer.mtx,collaboration,,,3,227320.0,814134.0,909254.0,6628999.0,227320.0,454614.0,464.54,2538052,0
182,config-0,ca-citeseer.mtx,collaboration,,,4,227320.0,814134.0,909254.0,6629000.0,227320.0,454614.0,466.84,2595348,0
234,config-0,ca-citeseer.mtx,collaboration,,,6,227320.0,814134.0,909254.0,6628999.0,227320.0,454614.0,901.17,2594748,0
286,config-0,ca-citeseer.mtx,collaboration,,,8,227320.0,814134.0,909254.0,6629000.0,227320.0,454614.0,537.25,2595344,0
338,config-0,ca-citeseer.mtx,collaboration,,,10,227320.0,814134.0,909254.0,6628999.0,227320.0,454614.0,473.46,2595304,0
390,config-0,ca-citeseer.mtx,collaboration,,,12,227320.0,814134.0,909254.0,6628999.0,227320.0,454614.0,466.67,2595332,0
442,config-0,ca-citeseer.mtx,collaboration,,,16,227320.0,814134.0,909254.0,6629000.0,227320.0,454614.0,465.96,2595324,0
28,config-0,ca-dblp-2010.mtx,collaboration,,,1,226413.0,716460.0,453906.0,2340732.0,226413.0,1080.0,273.3,1401384,0
80,config-0,ca-dblp-2010.mtx,collaboration,,,2,226413.0,716460.0,905630.0,6413712.0,226413.0,452804.0,709.6,2425696,0
132,config-0,ca-dblp-2010.mtx,collaboration,,,3,226413.0,716460.0,905630.0,6413711.0,226413.0,452804.0,443.11,2431828,0
184,config-0,ca-dblp-2010.mtx,collaboration,,,4,226413.0,716460.0,905630.0,6413712.0,226413.0,452804.0,409.96,2431836,0
236,config-0,ca-dblp-2010.mtx,collaboration,,,6,226413.0,716460.0,905630.0,6413711.0,226413.0,452804.0,394.48,2425688,0
288,config-0,ca-dblp-2010.mtx,collaboration,,,8,226413.0,716460.0,905630.0,6413712.0,226413.0,452804.0,388.68,2425688,0
340,config-0,ca-dblp-2010.mtx,collaboration,,,10,226413.0,716460.0,905630.0,6413711.0,226413.0,452804.0,397.35,2431828,0
392,config-0,ca-dblp-2010.mtx,collaboration,,,12,226413.0,716460.0,905630.0,6413711.0,226413.0,452804.0,383.79,2425696,0
444,config-0,ca-dblp-2010.mtx,collaboration,,,16,226413.0,716460.0,905630.0,6413712.0,226413.0,452804.0,382.29,2425692,0
30,config-0,ca-netscience.mtx,collaboration,,,1,379.0,914.0,815.0,3454.0,379.0,57.0,2.93,48828,0
82,config-0,ca-netscience.mtx,collaboration,,,2,379.0,914.0,1517.0,4601.0,379.0,759.0,3.77,48828,0
134,config-0,ca-netscience.mtx,collaboration,,,3,379.0,914.0,1644.0,5103.0,379.0,886.0,3.72,48828,0
186,config-0,ca-netscience.mtx,collaboration,,,4,379.0,914.0,1782.0,5603.0,379.0,1024.0,2.5,48836,0
238,config-0,ca-netscience.mtx,collaboration,,,6,379.0,914.0,2334.0,6350.0,379.0,1576.0,2.7,48836,0
290,config-0,ca-netscience.mtx,collaboration,,,8,379.0,914.0,2596.0,7034.0,379.0,1838.0,3.49,48836,0
342,config-0,ca-netscience.mtx,collaboration,,,10,379.0,914.0,2898.0,7691.0,379.0,2140.0,3.77,48840,0
394,config-0,ca-netscience.mtx,collaboration,,,12,379.0,914.0,3173.0,8171.0,379.0,2415.0,3.51,48832,0
446,config-0,ca-netscience.mtx,collaboration,,,16,379.0,914.0,3755.0,9090.0,379.0,2997.0,4.43,48832,0
29,config-0,ca-sandi_auths.mtx,collaboration,,,1,86.0,124.0,198.0,657.0,86.0,26.0,4.68,84212,0
81,config-0,ca-sandi_auths.mtx,collaboration,,,2,86.0,124.0,342.0,871.0,86.0,170.0,15.6,84256,0
133,config-0,ca-sandi_auths.mtx,collaboration,,,3,86.0,124.0,370.0,981.0,86.0,198.0,14.56,84256,0
185,config-0,ca-sandi_auths.mtx,collaboration,,,4,86.0,124.0,398.0,1090.0,86.0,226.0,14.53,84264,0
237,config-0,ca-sandi_auths.mtx,collaboration,,,6,86.0,124.0,517.0,1251.0,86.0,345.0,14.68,84296,0
289,config-0,ca-sandi_auths.mtx,collaboration,,,8,86.0,124.0,570.0,1394.0,86.0,398.0,13.72,84336,0
341,config-0,ca-sandi_auths.mtx,collaboration,,,10,86.0,124.0,640.0,1531.0,86.0,468.0,4.98,84360,0
393,config-0,ca-sandi_auths.mtx,collaboration,,,12,86.0,124.0,688.0,1630.0,86.0,516.0,4.71,84384,0
445,config-0,ca-sandi_auths.mtx,collaboration,,,16,86.0,124.0,801.0,1808.0,86.0,629.0,4.91,84428,0
7,config-0,inf-USAir97.mtx,infrastructure,,,1,332.0,2126.0,719.0,5686.0,332.0,55.0,11.78,83272,0
59,config-0,inf-USAir97.mtx,infrastructure,,,2,332.0,2126.0,1329.0,6680.0,332.0,665.0,21.05,85464,0
111,config-0,inf-USAir97.mtx,infrastructure,,,3,332.0,2126.0,1440.0,7119.0,332.0,776.0,23.68,83496,0
163,config-0,inf-USAir97.mtx,infrastructure,,,4,332.0,2126.0,1563.0,7557.0,332.0,899.0,20.55,83556,0
215,config-0,inf-USAir97.mtx,infrastructure,,,6,332.0,2126.0,2043.0,8209.0,332.0,1379.0,18.98,83652,0
267,config-0,inf-USAir97.mtx,infrastructure,,,8,332.0,2126.0,2275.0,8807.0,332.0,1611.0,17.87,83748,0
319,config-0,inf-USAir97.mtx,infrastructure,,,10,332.0,2126.0,2519.0,9383.0,332.0,1855.0,16.81,83832,0
371,config-0,inf-USAir97.mtx,infrastructure,,,12,332.0,2126.0,2777.0,9800.0,332.0,2113.0,15.13,83896,0
423,config-0,inf-USAir97.mtx,infrastructure,,,16,332.0,2126.0,3287.0,10600.0,332.0,2623.0,12.93,84060,0
12,config-0,power-1138-bus.mtx,power,,,1,1138.0,2596.0,2368.0,7664.0,1138.0,92.0,2.5,83980,0
64,config-0,power-1138-bus.mtx,power,,,2,1138.0,2596.0,4563.0,11258.0,1138.0,2287.0,4.49,86648,0
116,config-0,power-1138-bus.mtx,power,,,3,1138.0,2596.0,4946.0,12775.0,1138.0,2670.0,4.4,87068,0
168,config-0,power-1138-bus.mtx,power,,,4,1138.0,2596.0,5389.0,14291.0,1138.0,3113.0,4.01,87052,0
220,config-0,power-1138-bus.mtx,power,,,6,1138.0,2596.0,7035.0,16555.0,1138.0,4759.0,3.8,87948,0
272,config-0,power-1138-bus.mtx,power,,,8,1138.0,2596.0,7859.0,18639.0,1138.0,5583.0,3.84,88836,0
324,config-0,power-1138-bus.mtx,power,,,10,1138.0,2596.0,8735.0,20645.0,1138.0,6459.0,4.2,89324,0
376,config-0,power-1138-bus.mtx,power,,,12,1138.0,2596.0,9595.0,22118.0,1138.0,7319.0,3.98,91056,0
428,config-0,power-1138-bus.mtx,power,,,16,1138.0,2596.0,11425.0,24948.0,1138.0,9149.0,4.18,91776,0
8,config-0,power-494-bus.mtx,power,,,1,494.0,1080.0,1053.0,3278.0,494.0,65.0,11.07,82860,0
60,config-0,power-494-bus.mtx,power,,,2,494.0,1080.0,1981.0,4790.0,494.0,993.0,13.56,83116,0
112,config-0,power-494-bus.mtx,power,,,3,494.0,1080.0,2148.0,5447.0,494.0,1160.0,13.56,83188,0
164,config-0,power-494-bus.mtx,power,,,4,494.0,1080.0,2341.0,6101.0,494.0,1353.0,15.45,83296,0
216,config-0,power-494-bus.mtx,power,,,6,494.0,1080.0,3033.0,7085.0,494.0,2045.0,10.94,83552,0
268,config-0,power-494-bus.mtx,power,,,8,494.0,1080.0,3383.0,7971.0,494.0,2395.0,10.26,83800,0
320,config-0,power-494-bus.mtx,power,,,10,494.0,1080.0,3783.0,8833.0,494.0,2795.0,10.1,83968,0
372,config-0,power-494-bus.mtx,power,,,12,494.0,1080.0,4083.0,9478.0,494.0,3095.0,9.2,84124,0
424,config-0,power-494-bus.mtx,power,,,16,494.0,1080.0,4889.0,10670.0,494.0,3901.0,11.43,86452,0
11,config-0,power-685-bus.mtx,power,,,1,685.0,1967.0,1445.0,5460.0,685.0,75.0,11.91,83400,0
63,config-0,power-685-bus.mtx,power,,,2,685.0,1967.0,2745.0,7583.0,685.0,1375.0,19.71,83724,0
115,config-0,power-685-bus.mtx,power,,,3,685.0,1967.0,2976.0,8495.0,685.0,1606.0,22.37,83864,0
167,config-0,power-685-bus.mtx,power,,,4,685.0,1967.0,3232.0,9403.0,685.0,1862.0,22.47,84008,0
219,config-0,power-685-bus.mtx,power,,,6,685.0,1967.0,4212.0,10769.0,685.0,2842.0,17.53,84264,0
271,config-0,power-685-bus.mtx,power,,,8,685.0,1967.0,4689.0,12005.0,685.0,3319.0,19.22,84556,0
323,config-0,power-685-bus.mtx,power,,,10,685.0,1967.0,5259.0,13210.0,685.0,3889.0,16.39,84860,0
375,config-0,power-685-bus.mtx,power,,,12,685.0,1967.0,5688.0,14101.0,685.0,4318.0,17.27,86952,0
427,config-0,power-685-bus.mtx,power,,,16,685.0,1967.0,6786.0,15771.0,685.0,5416.0,20.19,85484,0
13,config-0,power-US-Grid.mtx,power,,,1,4941.0,6594.0,10057.0,33362.0,4941.0,175.0,10.01,100532,0
65,config-0,power-US-Grid.mtx,power,,,2,4941.0,6594.0,19812.0,49431.0,4941.0,9930.0,17.27,104152,0
117,config-0,power-US-Grid.mtx,power,,,3,4941.0,6594.0,21475.0,56031.0,4941.0,11593.0,17.97,104488,0
169,config-0,power-US-Grid.mtx,power,,,4,4941.0,6594.0,23390.0,62630.0,4941.0,13508.0,21.62,107856,0
221,config-0,power-US-Grid.mtx,power,,,6,4941.0,6594.0,30567.0,72500.0,4941.0,20685.0,19.88,110180,0
273,config-0,power-US-Grid.mtx,power,,,8,4941.0,6594.0,34143.0,81587.0,4941.0,24261.0,18.69,112040,0
325,config-0,power-US-Grid.mtx,power,,,10,4941.0,6594.0,37955.0,90378.0,4941.0,28073.0,17.23,114144,0
377,config-0,power-US-Grid.mtx,power,,,12,4941.0,6594.0,41378.0,96840.0,4941.0,31496.0,16.65,117324,0
429,config-0,power-US-Grid.mtx,power,,,16,4941.0,6594.0,49366.0,109451.0,4941.0,39484.0,29.3,123580,0
10,config-0,power-bcspwr09.mtx,power,,,1,1723.0,4117.0,3556.0,11920.0,1723.0,110.0,2.5,90852,0
62,config-0,power-bcspwr09.mtx,power,,,2,1723.0,4117.0,6894.0,17417.0,1723.0,3448.0,2.99,91604,0
114,config-0,power-bcspwr09.mtx,power,,,3,1723.0,4117.0,7469.0,19711.0,1723.0,4023.0,3.35,91920,0
166,config-0,power-bcspwr09.mtx,power,,,4,1723.0,4117.0,8168.0,22004.0,1723.0,4722.0,3.41,92240,0
218,config-0,power-bcspwr09.mtx,power,,,6,1723.0,4117.0,10623.0,25438.0,1723.0,7177.0,3.2,94740,0
270,config-0,power-bcspwr09.mtx,power,,,8,1723.0,4117.0,11895.0,28587.0,1723.0,8449.0,3.44,95168,0
322,config-0,power-bcspwr09.mtx,power,,,10,1723.0,4117.0,13259.0,31660.0,1723.0,9813.0,3.41,95592,0
374,config-0,power-bcspwr09.mtx,power,,,12,1723.0,4117.0,14312.0,33912.0,1723.0,10866.0,3.41,93860,0
426,config-0,power-bcspwr09.mtx,power,,,16,1723.0,4117.0,17264.0,38341.0,1723.0,13818.0,3.65,96556,0
9,config-0,power-eris1176.mtx,power,,,1,1176.0,9864.0,2445.0,22278.0,1176.0,93.0,5.63,90724,0
61,config-0,power-eris1176.mtx,power,,,2,1176.0,9864.0,4717.0,26000.0,1176.0,2365.0,7.8,91240,0
113,config-0,power-eris1176.mtx,power,,,3,1176.0,9864.0,5116.0,27571.0,1176.0,2764.0,7.96,91456,0
165,config-0,power-eris1176.mtx,power,,,4,1176.0,9864.0,5567.0,29133.0,1176.0,3215.0,8.53,91664,0
217,config-0,power-eris1176.mtx,power,,,6,1176.0,9864.0,7243.0,31489.0,1176.0,4891.0,7.8,91976,0
269,config-0,power-eris1176.mtx,power,,,8,1176.0,9864.0,8075.0,33619.0,1176.0,5723.0,7.91,92268,0
321,config-0,power-eris1176.mtx,power,,,10,1176.0,9864.0,9031.0,35699.0,1176.0,6679.0,8.2,92556,0
373,config-0,power-eris1176.mtx,power,,,12,1176.0,9864.0,9769.0,37244.0,1176.0,7417.0,7.82,92908,0
425,config-0,power-eris1176.mtx,power,,,16,1176.0,9864.0,11711.0,40136.0,1176.0,9359.0,7.94,95672,0
17,config-0,road-chesapeake.mtx,road,,,1,39.0,170.0,91.0,532.0,39.0,13.0,3.35,82176,0
69,config-0,road-chesapeake.mtx,road,,,2,39.0,170.0,153.0,618.0,39.0,75.0,8.62,84224,0
121,config-0,road-chesapeake.mtx,road,,,3,39.0,170.0,165.0,665.0,39.0,87.0,10.15,84208,0
173,config-0,road-chesapeake.mtx,road,,,4,39.0,170.0,177.0,711.0,39.0,99.0,11.13,84216,0
225,config-0,road-chesapeake.mtx,road,,,6,39.0,170.0,225.0,779.0,39.0,147.0,11.2,84228,0
277,config-0,road-chesapeake.mtx,road,,,8,39.0,170.0,247.0,837.0,39.0,169.0,12.89,84228,0
329,config-0,road-chesapeake.mtx,road,,,10,39.0,170.0,273.0,889.0,39.0,195.0,9.94,84264,0
381,config-0,road-chesapeake.mtx,road,,,12,39.0,170.0,289.0,926.0,39.0,211.0,9.64,84256,0
433,config-0,road-chesapeake.mtx,road,,,16,39.0,170.0,333.0,990.0,39.0,255.0,9.21,84268,0
14,config-0,road-euroroad.edges,road,,,1,1174.0,1417.0,2441.0,7728.0,1174.0,93.0,6.01,51592,0
66,config-0,road-euroroad.edges,road,,,2,1174.0,1417.0,4709.0,11444.0,1174.0,2361.0,13.69,52164,0
118,config-0,road-euroroad.edges,road,,,3,1174.0,1417.0,5108.0,13013.0,1174.0,2760.0,11.39,54424,0
170,config-0,road-euroroad.edges,road,,,4,1174.0,1417.0,5557.0,14571.0,1174.0,3209.0,10.49,54676,0
222,config-0,road-euroroad.edges,road,,,6,1174.0,1417.0,7233.0,16923.0,1174.0,4885.0,9.19,55216,0
274,config-0,road-euroroad.edges,road,,,8,1174.0,1417.0,8063.0,19049.0,1174.0,5715.0,9.45,55736,0
326,config-0,road-euroroad.edges,road,,,10,1174.0,1417.0,9019.0,21125.0,1174.0,6671.0,10.51,56228,0
378,config-0,road-euroroad.edges,road,,,12,1174.0,1417.0,9747.0,22668.0,1174.0,7399.0,8.94,56604,0
430,config-0,road-euroroad.edges,road,,,16,1174.0,1417.0,11697.0,25556.0,1174.0,9349.0,11.71,57312,0
16,config-0,road-luxembourg-osm.mtx,road,,,1,114599.0,119666.0,229986.0,699296.0,114599.0,788.0,93.53,536620,0
68,config-0,road-luxembourg-osm.mtx,road,,,2,114599.0,119666.0,572989.0,1156110.0,114599.0,343791.0,170.86,620964,0
120,config-0,road-luxembourg-osm.mtx,road,,,3,114599.0,119666.0,687582.0,1385295.0,114599.0,458384.0,126.97,662884,0
172,config-0,road-luxembourg-osm.mtx,road,,,4,114599.0,119666.0,458370.0,2760214.0,114599.0,229172.0,167.56,1044112,0
224,config-0,road-luxembourg-osm.mtx,road,,,6,114599.0,119666.0,458370.0,2760213.0,114599.0,229172.0,140.11,1044128,0
276,config-0,road-luxembourg-osm.mtx,road,,,8,114599.0,119666.0,458370.0,2760214.0,114599.0,229172.0,123.4,1044132,0
328,config-0,road-luxembourg-osm.mtx,road,,,10,114599.0,119666.0,458370.0,2760213.0,114599.0,229172.0,257.73,1042096,0
380,config-0,road-luxembourg-osm.mtx,road,,,12,114599.0,119666.0,458370.0,2760213.0,114599.0,229172.0,164.95,1044116,0
432,config-0,road-luxembourg-osm.mtx,road,,,16,114599.0,119666.0,458370.0,2760214.0,114599.0,229172.0,176.02,1044124,0
18,config-0,road-minnesota.mtx,road,,,1,2642.0,3303.0,5417.0,17478.0,2642.0,133.0,10.45,91988,0
70,config-0,road-minnesota.mtx,road,,,2,2642.0,3303.0,10597.0,25988.0,2642.0,5313.0,19.9,93152,0
122,config-0,road-minnesota.mtx,road,,,3,2642.0,3303.0,11492.0,29521.0,2642.0,6208.0,23.29,93884,0
174,config-0,road-minnesota.mtx,road,,,4,2642.0,3303.0,12497.0,33039.0,2642.0,7213.0,23.41,94712,0
226,config-0,road-minnesota.mtx,road,,,6,2642.0,3303.0,16365.0,38325.0,2642.0,11081.0,20.77,98076,0
278,config-0,road-minnesota.mtx,road,,,8,2642.0,3303.0,18249.0,43179.0,2642.0,12965.0,19.16,99236,0
330,config-0,road-minnesota.mtx,road,,,10,2642.0,3303.0,20257.0,47857.0,2642.0,14973.0,24.06,100364,0
382,config-0,road-minnesota.mtx,road,,,12,2642.0,3303.0,22321.0,51284.0,2642.0,17037.0,20.38,101204,0
434,config-0,road-minnesota.mtx,road,,,16,2642.0,3303.0,26583.0,57922.0,2642.0,21299.0,18.29,103372,0
15,config-0,road-roadNet-PA.mtx,road,,,1,,,,,,,218.38,3650844,0
67,config-0,road-roadNet-PA.mtx,road,,,2,,,,,,,214.07,3645004,0
119,config-0,road-roadNet-PA.mtx,road,,,3,,,,,,,207.22,3650296,0
171,config-0,road-roadNet-PA.mtx,road,,,4,,,,,,,202.22,3650980,0
223,config-0,road-roadNet-PA.mtx,road,,,6,,,,,,,205.22,3650872,0
275,config-0,road-roadNet-PA.mtx,road,,,8,,,,,,,200.27,3650868,0
327,config-0,road-roadNet-PA.mtx,road,,,10,,,,,,,214.64,3650980,0
379,config-0,road-roadNet-PA.mtx,road,,,12,,,,,,,208.14,3650840,0
431,config-0,road-roadNet-PA.mtx,road,,,16,,,,,,,197.05,3644780,0
36,config-0,soc-dolphins.mtx,social,,,1,62.0,159.0,140.0,622.0,62.0,16.0,8.42,84220,0
88,config-0,soc-dolphins.mtx,social,,,2,62.0,159.0,246.0,765.0,62.0,122.0,11.07,84240,0
140,config-0,soc-dolphins.mtx,social,,,3,62.0,159.0,266.0,843.0,62.0,142.0,8.17,84252,0
192,config-0,soc-dolphins.mtx,social,,,4,62.0,159.0,286.0,920.0,62.0,162.0,9.37,84268,0
244,config-0,soc-dolphins.mtx,social,,,6,62.0,159.0,369.0,1033.0,62.0,245.0,13.56,84284,0
296,config-0,soc-dolphins.mtx,social,,,8,62.0,159.0,406.0,1132.0,62.0,282.0,11.94,84300,0
348,config-0,soc-dolphins.mtx,social,,,10,62.0,159.0,454.0,1226.0,62.0,330.0,11.99,84312,0
400,config-0,soc-dolphins.mtx,social,,,12,62.0,159.0,486.0,1294.0,62.0,362.0,12.25,84320,0
452,config-0,soc-dolphins.mtx,social,,,16,62.0,159.0,563.0,1412.0,62.0,439.0,13.14,84344,0
6,config-0,soccer_ball.txt,geometric,,,1,32.0,90.0,79.0,334.0,32.0,15.0,4.59,48880,0
58,config-0,soccer_ball.txt,geometric,,,2,32.0,90.0,126.0,407.0,32.0,62.0,3.58,48880,0
110,config-0,soccer_ball.txt,geometric,,,3,32.0,90.0,136.0,445.0,32.0,72.0,4.47,48876,0
162,config-0,soccer_ball.txt,geometric,,,4,32.0,90.0,146.0,482.0,32.0,82.0,5.05,48876,0
214,config-0,soccer_ball.txt,geometric,,,6,32.0,90.0,184.0,535.0,32.0,120.0,5.39,48876,0
266,config-0,soccer_ball.txt,geometric,,,8,32.0,90.0,201.0,579.0,32.0,137.0,4.01,48884,0
318,config-0,soccer_ball.txt,geometric,,,10,32.0,90.0,223.0,619.0,32.0,159.0,4.69,48880,0
370,config-0,soccer_ball.txt,geometric,,,12,32.0,90.0,239.0,647.0,32.0,175.0,6.3,48888,0
422,config-0,soccer_ball.txt,geometric,,,16,32.0,90.0,267.0,696.0,32.0,203.0,4.66,48880,0
47,config-0,socfb-Amherst41.mtx,social,,,1,2235.0,90954.0,4593.0,191122.0,2235.0,123.0,30.43,182208,0
99,config-0,socfb-Amherst41.mtx,social,,,2,2235.0,90954.0,8964.0,198308.0,2235.0,4494.0,35.19,183200,0
151,config-0,socfb-Amherst41.mtx,social,,,3,2235.0,90954.0,9726.0,201301.0,2235.0,5256.0,33.77,183624,0
203,config-0,socfb-Amherst41.mtx,social,,,4,2235.0,90954.0,10585.0,204266.0,2235.0,6115.0,33.66,184028,0
255,config-0,socfb-Amherst41.mtx,social,,,6,2235.0,90954.0,13847.0,208761.0,2235.0,9377.0,33.56,184636,0
307,config-0,socfb-Amherst41.mtx,social,,,8,2235.0,90954.0,15439.0,212865.0,2235.0,10969.0,33.56,185176,0
359,config-0,socfb-Amherst41.mtx,social,,,10,2235.0,90954.0,17227.0,216780.0,2235.0,12757.0,33.38,185700,0
411,config-0,socfb-Amherst41.mtx,social,,,12,2235.0,90954.0,18870.0,219694.0,2235.0,14400.0,34.17,186092,0
463,config-0,socfb-Amherst41.mtx,social,,,16,2235.0,90954.0,22516.0,225344.0,2235.0,18046.0,33.26,186836,0
40,config-0,socfb-Bowdoin47.mtx,social,,,1,2252.0,84387.0,4627.0,178056.0,2252.0,123.0,192.3,175376,0
92,config-0,socfb-Bowdoin47.mtx,social,,,2,2252.0,84387.0,9037.0,185298.0,2252.0,4533.0,130.56,176380,0
144,config-0,socfb-Bowdoin47.mtx,social,,,3,2252.0,84387.0,9804.0,188313.0,2252.0,5300.0,85.92,176784,0
196,config-0,socfb-Bowdoin47.mtx,social,,,4,2252.0,84387.0,10675.0,191307.0,2252.0,6171.0,95.45,177204,0
248,config-0,socfb-Bowdoin47.mtx,social,,,6,2252.0,84387.0,13967.0,195819.0,2252.0,9463.0,94.93,177796,0
300,config-0,socfb-Bowdoin47.mtx,social,,,8,2252.0,84387.0,15583.0,199957.0,2252.0,11079.0,93.71,178364,0
352,config-0,socfb-Bowdoin47.mtx,social,,,10,2252.0,84387.0,17347.0,203913.0,2252.0,12843.0,69.99,178892,0
404,config-0,socfb-Bowdoin47.mtx,social,,,12,2252.0,84387.0,19041.0,206854.0,2252.0,14537.0,73.09,179300,0
456,config-0,socfb-Bowdoin47.mtx,social,,,16,2252.0,84387.0,22727.0,212526.0,2252.0,18223.0,68.43,180052,0
46,config-0,socfb-Caltech36.mtx,social,,,1,769.0,16656.0,1616.0,36550.0,769.0,78.0,27.96,97448,0
98,config-0,socfb-Caltech36.mtx,social,,,2,769.0,16656.0,3074.0,38944.0,769.0,1536.0,38.08,97780,0
150,config-0,socfb-Caltech36.mtx,social,,,3,769.0,16656.0,3330.0,39965.0,769.0,1792.0,33.35,97920,0
202,config-0,socfb-Caltech36.mtx,social,,,4,769.0,16656.0,3613.0,40984.0,769.0,2075.0,38.38,98064,0
254,config-0,socfb-Caltech36.mtx,social,,,6,769.0,16656.0,4730.0,42511.0,769.0,3192.0,40.42,100296,0
306,config-0,socfb-Caltech36.mtx,social,,,8,769.0,16656.0,5266.0,43906.0,769.0,3728.0,39.28,100488,0
358,config-0,socfb-Caltech36.mtx,social,,,10,769.0,16656.0,5932.0,45267.0,769.0,4394.0,41.83,98636,0
410,config-0,socfb-Caltech36.mtx,social,,,12,769.0,16656.0,6434.0,46248.0,769.0,4896.0,38.44,98764,0
462,config-0,socfb-Caltech36.mtx,social,,,16,769.0,16656.0,7633.0,48134.0,769.0,6095.0,53.93,99020,0
49,config-0,socfb-Colgate88.mtx,social,,,1,3482.0,155043.0,7115.0,324364.0,3482.0,151.0,288.46,254080,0
101,config-0,socfb-Colgate88.mtx,social,,,2,3482.0,155043.0,13951.0,335630.0,3482.0,6987.0,275.46,255612,0
153,config-0,socfb-Colgate88.mtx,social,,,3,3482.0,155043.0,15128.0,340285.0,3482.0,8164.0,252.17,256276,0
205,config-0,socfb-Colgate88.mtx,social,,,4,3482.0,155043.0,16531.0,344913.0,3482.0,9567.0,168.1,254868,0
257,config-0,socfb-Colgate88.mtx,social,,,6,3482.0,155043.0,21481.0,351891.0,3482.0,14517.0,165.86,257828,0
309,config-0,socfb-Colgate88.mtx,social,,,8,3482.0,155043.0,24033.0,358239.0,3482.0,17069.0,143.65,258696,0
361,config-0,socfb-Colgate88.mtx,social,,,10,3482.0,155043.0,26793.0,364457.0,3482.0,19829.0,135.45,259544,0
413,config-0,socfb-Colgate88.mtx,social,,,12,3482.0,155043.0,29147.0,369038.0,3482.0,22183.0,132.8,260160,0
465,config-0,socfb-Colgate88.mtx,social,,,16,3482.0,155043.0,35033.0,378040.0,3482.0,28069.0,126.02,261340,0
38,config-0,socfb-Hamilton46.mtx,social,,,1,2314.0,96394.0,4753.0,202322.0,2314.0,125.0,33.1,188204,0
90,config-0,socfb-Hamilton46.mtx,social,,,2,2314.0,96394.0,9263.0,209756.0,2314.0,4635.0,33.88,189208,0
142,config-0,socfb-Hamilton46.mtx,social,,,3,2314.0,96394.0,10040.0,212843.0,2314.0,5412.0,35.43,189636,0
194,config-0,socfb-Hamilton46.mtx,social,,,4,2314.0,96394.0,10931.0,215919.0,2314.0,6303.0,34.91,190064,0
246,config-0,socfb-Hamilton46.mtx,social,,,6,2314.0,96394.0,14265.0,220545.0,2314.0,9637.0,34.12,190688,0
298,config-0,socfb-Hamilton46.mtx,social,,,8,2314.0,96394.0,15921.0,224765.0,2314.0,11293.0,34.13,191248,0
350,config-0,socfb-Hamilton46.mtx,social,,,10,2314.0,96394.0,17881.0,228887.0,2314.0,13253.0,33.97,191816,0
402,config-0,socfb-Hamilton46.mtx,social,,,12,2314.0,96394.0,19371.0,231888.0,2314.0,14743.0,34.28,192220,0
454,config-0,socfb-Hamilton46.mtx,social,,,16,2314.0,96394.0,23147.0,237632.0,2314.0,18519.0,32.98,192980,0
35,config-0,socfb-Haverford76.mtx,social,,,1,1446.0,59589.0,2995.0,125188.0,1446.0,103.0,22.46,146496,0
87,config-0,socfb-Haverford76.mtx,social,,,2,1446.0,59589.0,5787.0,129778.0,1446.0,2895.0,27.1,147124,0
139,config-0,socfb-Haverford76.mtx,social,,,3,1446.0,59589.0,6272.0,131705.0,1446.0,3380.0,27.54,147400,0
191,config-0,socfb-Haverford76.mtx,social,,,4,1446.0,59589.0,6811.0,133625.0,1446.0,3919.0,27.38,145624,0
243,config-0,socfb-Haverford76.mtx,social,,,6,1446.0,59589.0,8909.0,136511.0,1446.0,6017.0,26.18,148016,0
295,config-0,socfb-Haverford76.mtx,social,,,8,1446.0,59589.0,9925.0,139143.0,1446.0,7033.0,26.17,148396,0
347,config-0,socfb-Haverford76.mtx,social,,,10,1446.0,59589.0,11093.0,141725.0,1446.0,8201.0,25.78,148744,0
399,config-0,socfb-Haverford76.mtx,social,,,12,1446.0,59589.0,12103.0,143594.0,1446.0,9211.0,25.68,148992,0
451,config-0,socfb-Haverford76.mtx,social,,,16,1446.0,59589.0,14421.0,147256.0,1446.0,11529.0,26.44,149476,0
50,config-0,socfb-Mich67.mtx,social,,,1,3748.0,81903.0,7651.0,179156.0,3748.0,155.0,69.23,174728,0
102,config-0,socfb-Mich67.mtx,social,,,2,3748.0,81903.0,15053.0,191314.0,3748.0,7557.0,107.21,176408,0
154,config-0,socfb-Mich67.mtx,social,,,3,3748.0,81903.0,16332.0,196337.0,3748.0,8836.0,82.69,177104,0
206,config-0,socfb-Mich67.mtx,social,,,4,3748.0,81903.0,17835.0,201331.0,3748.0,10339.0,140.07,179820,0
258,config-0,socfb-Mich67.mtx,social,,,6,3748.0,81903.0,23271.0,208843.0,3748.0,15775.0,109.61,178784,0
310,config-0,socfb-Mich67.mtx,social,,,8,3748.0,81903.0,26023.0,215749.0,3748.0,18527.0,83.66,179716,0
362,config-0,socfb-Mich67.mtx,social,,,10,3748.0,81903.0,28635.0,222369.0,3748.0,21139.0,67.85,180616,0
414,config-0,socfb-Mich67.mtx,social,,,12,3748.0,81903.0,31745.0,227254.0,3748.0,24249.0,71.43,181268,0
466,config-0,socfb-Mich67.mtx,social,,,16,3748.0,81903.0,37991.0,236726.0,3748.0,30495.0,84.02,182532,0
39,config-0,socfb-Middlebury45.mtx,social,,,1,3075.0,124610.0,6291.0,261840.0,3075.0,141.0,119.68,220384,0
91,config-0,socfb-Middlebury45.mtx,social,,,2,3075.0,124610.0,12300.0,271764.0,3075.0,6150.0,120.14,221744,0
143,config-0,socfb-Middlebury45.mtx,social,,,3,3075.0,124610.0,13326.0,275861.0,3075.0,7176.0,119.16,222308,0
195,config-0,socfb-Middlebury45.mtx,social,,,4,3075.0,124610.0,14473.0,279954.0,3075.0,8323.0,118.01,222892,0
247,config-0,socfb-Middlebury45.mtx,social,,,6,3075.0,124610.0,18952.0,286095.0,3075.0,12802.0,113.21,223696,0
299,config-0,socfb-Middlebury45.mtx,social,,,8,3075.0,124610.0,21120.0,291716.0,3075.0,14970.0,109.29,224472,0
351,config-0,socfb-Middlebury45.mtx,social,,,10,3075.0,124610.0,23798.0,297207.0,3075.0,17648.0,110.43,225204,0
403,config-0,socfb-Middlebury45.mtx,social,,,12,3075.0,124610.0,25828.0,301172.0,3075.0,19678.0,227.04,223712,0
455,config-0,socfb-Middlebury45.mtx,social,,,16,3075.0,124610.0,30693.0,308822.0,3075.0,24543.0,240.02,226756,0
44,config-0,socfb-Oberlin44.mtx,social,,,1,2920.0,89912.0,5979.0,191820.0,2920.0,139.0,53.38,183096,0
96,config-0,socfb-Oberlin44.mtx,social,,,2,2920.0,89912.0,11709.0,201248.0,2920.0,5869.0,66.68,184420,0
148,config-0,socfb-Oberlin44.mtx,social,,,3,2920.0,89912.0,12700.0,205155.0,2920.0,6860.0,67.22,184940,0
200,config-0,socfb-Oberlin44.mtx,social,,,4,2920.0,89912.0,13791.0,209037.0,2920.0,7951.0,66.73,185480,0
252,config-0,socfb-Oberlin44.mtx,social,,,6,2920.0,89912.0,18011.0,214897.0,2920.0,12171.0,64.3,186252,0
304,config-0,socfb-Oberlin44.mtx,social,,,8,2920.0,89912.0,20059.0,220211.0,2920.0,14219.0,132.02,186980,0
356,config-0,socfb-Oberlin44.mtx,social,,,10,2920.0,89912.0,22407.0,225419.0,2920.0,16567.0,182.45,187696,0
408,config-0,socfb-Oberlin44.mtx,social,,,12,2920.0,89912.0,24625.0,229220.0,2920.0,18785.0,96.17,188200,0
460,config-0,socfb-Oberlin44.mtx,social,,,16,2920.0,89912.0,29207.0,236656.0,2920.0,23367.0,96.26,189184,0
34,config-0,socfb-Pepperdine86.mtx,social,,,1,3445.0,152007.0,7040.0,318142.0,3445.0,150.0,56.7,250584,0
86,config-0,socfb-Pepperdine86.mtx,social,,,2,3445.0,152007.0,13788.0,329273.0,3445.0,6898.0,56.56,252108,0
138,config-0,socfb-Pepperdine86.mtx,social,,,3,3445.0,152007.0,14939.0,333865.0,3445.0,8049.0,55.53,252760,0
190,config-0,socfb-Pepperdine86.mtx,social,,,4,3445.0,152007.0,16342.0,338456.0,3445.0,9452.0,54.73,253384,0
242,config-0,socfb-Pepperdine86.mtx,social,,,6,3445.0,152007.0,21255.0,345334.0,3445.0,14365.0,55.61,254300,0
294,config-0,socfb-Pepperdine86.mtx,social,,,8,3445.0,152007.0,23807.0,351645.0,3445.0,16917.0,59.15,253116,0
346,config-0,socfb-Pepperdine86.mtx,social,,,10,3445.0,152007.0,26531.0,357804.0,3445.0,19641.0,60.38,255992,0
398,config-0,socfb-Pepperdine86.mtx,social,,,12,3445.0,152007.0,28650.0,362322.0,3445.0,21760.0,58.47,256608,0
450,config-0,socfb-Pepperdine86.mtx,social,,,16,3445.0,152007.0,34574.0,371213.0,3445.0,27684.0,58.32,257776,0
48,config-0,socfb-Reed98.mtx,social,,,1,962.0,18812.0,2011.0,41658.0,962.0,87.0,5.86,102244,0
100,config-0,socfb-Reed98.mtx,social,,,2,962.0,18812.0,3847.0,44672.0,962.0,1923.0,6.94,102736,0
152,config-0,socfb-Reed98.mtx,social,,,3,962.0,18812.0,4168.0,45951.0,962.0,2244.0,6.83,102920,0
204,config-0,socfb-Reed98.mtx,social,,,4,962.0,18812.0,4547.0,47227.0,962.0,2623.0,7.34,103132,0
256,config-0,socfb-Reed98.mtx,social,,,6,962.0,18812.0,5921.0,49141.0,962.0,3997.0,7.13,103392,0
308,config-0,socfb-Reed98.mtx,social,,,8,962.0,18812.0,6617.0,50889.0,962.0,4693.0,7.36,103664,0
360,config-0,socfb-Reed98.mtx,social,,,10,962.0,18812.0,7377.0,52603.0,962.0,5453.0,6.79,103936,0
412,config-0,socfb-Reed98.mtx,social,,,12,962.0,18812.0,8051.0,53828.0,962.0,6127.0,7.46,104100,0
464,config-0,socfb-Reed98.mtx,social,,,16,962.0,18812.0,9611.0,56196.0,962.0,7687.0,6.93,104444,0
31,config-0,socfb-Simmons81.mtx,social,,,1,1518.0,32988.0,3140.0,72276.0,1518.0,104.0,8.03,118380,0
83,config-0,socfb-Simmons81.mtx,social,,,2,1518.0,32988.0,6085.0,77106.0,1518.0,3049.0,15.84,119048,0
135,config-0,socfb-Simmons81.mtx,social,,,3,1518.0,32988.0,6596.0,79131.0,1518.0,3560.0,14.16,119320,0
187,config-0,socfb-Simmons81.mtx,social,,,4,1518.0,32988.0,7165.0,81153.0,1518.0,4129.0,14.89,119600,0
239,config-0,socfb-Simmons81.mtx,social,,,6,1518.0,32988.0,9385.0,84179.0,1518.0,6349.0,13.19,119996,0
291,config-0,socfb-Simmons81.mtx,social,,,8,1518.0,32988.0,10461.0,86961.0,1518.0,7425.0,13.17,120376,0
343,config-0,socfb-Simmons81.mtx,social,,,10,1518.0,32988.0,11677.0,89643.0,1518.0,8641.0,13.24,120740,0
395,config-0,socfb-Simmons81.mtx,social,,,12,1518.0,32988.0,12801.0,91610.0,1518.0,9765.0,13.06,120996,0
447,config-0,socfb-Simmons81.mtx,social,,,16,1518.0,32988.0,15207.0,95396.0,1518.0,12171.0,13.11,123024,0
51,config-0,socfb-Smith60.mtx,social,,,1,2970.0,97133.0,6079.0,206462.0,2970.0,139.0,66.51,190936,0
103,config-0,socfb-Smith60.mtx,social,,,2,2970.0,97133.0,11883.0,216040.0,2970.0,5943.0,81.08,190216,0
155,config-0,socfb-Smith60.mtx,social,,,3,2970.0,97133.0,12874.0,219997.0,2970.0,6934.0,81.19,192804,0
207,config-0,socfb-Smith60.mtx,social,,,4,2970.0,97133.0,13989.0,223953.0,2970.0,8049.0,157.1,193352,0
259,config-0,socfb-Smith60.mtx,social,,,6,2970.0,97133.0,18235.0,229939.0,2970.0,12295.0,177.89,194144,0
311,config-0,socfb-Smith60.mtx,social,,,8,2970.0,97133.0,20333.0,235379.0,2970.0,14393.0,99.28,194880,0
363,config-0,socfb-Smith60.mtx,social,,,10,2970.0,97133.0,22825.0,240637.0,2970.0,16885.0,98.71,195584,0
415,config-0,socfb-Smith60.mtx,social,,,12,2970.0,97133.0,24899.0,244462.0,2970.0,18959.0,90.32,196112,0
467,config-0,socfb-Smith60.mtx,social,,,16,2970.0,97133.0,29481.0,251972.0,2970.0,23541.0,99.61,197112,0
33,config-0,socfb-Swarthmore42.mtx,social,,,1,1659.0,61050.0,3426.0,128972.0,1659.0,108.0,23.48,146704,0
85,config-0,socfb-Swarthmore42.mtx,social,,,2,1659.0,61050.0,6660.0,134276.0,1659.0,3342.0,21.66,149484,0
137,config-0,socfb-Swarthmore42.mtx,social,,,3,1659.0,61050.0,7230.0,136501.0,1659.0,3912.0,22.07,149784,0
189,config-0,socfb-Swarthmore42.mtx,social,,,4,1659.0,61050.0,7897.0,138698.0,1659.0,4579.0,21.81,150092,0
241,config-0,socfb-Swarthmore42.mtx,social,,,6,1659.0,61050.0,10295.0,142041.0,1659.0,6977.0,23.02,150520,0
293,config-0,socfb-Swarthmore42.mtx,social,,,8,1659.0,61050.0,11503.0,145089.0,1659.0,8185.0,21.07,150948,0
345,config-0,socfb-Swarthmore42.mtx,social,,,10,1659.0,61050.0,12715.0,147980.0,1659.0,9397.0,20.97,151328,0
397,config-0,socfb-Swarthmore42.mtx,social,,,12,1659.0,61050.0,13765.0,150163.0,1659.0,10447.0,21.49,151636,0
449,config-0,socfb-Swarthmore42.mtx,social,,,16,1659.0,61050.0,16474.0,154341.0,1659.0,13156.0,20.91,152192,0
42,config-0,socfb-Trinity100.mtx,social,,,1,2613.0,111996.0,5359.0,234748.0,2613.0,133.0,38.84,205360,0
94,config-0,socfb-Trinity100.mtx,social,,,2,2613.0,111996.0,10470.0,243160.0,2613.0,5244.0,42.43,206504,0
146,config-0,socfb-Trinity100.mtx,social,,,3,2613.0,111996.0,11354.0,246653.0,2613.0,6128.0,42.3,207004,0
198,config-0,socfb-Trinity100.mtx,social,,,4,2613.0,111996.0,12341.0,250124.0,2613.0,7115.0,41.39,207472,0
250,config-0,socfb-Trinity100.mtx,social,,,6,2613.0,111996.0,16143.0,255381.0,2613.0,10917.0,40.7,208164,0
302,config-0,socfb-Trinity100.mtx,social,,,8,2613.0,111996.0,17991.0,260177.0,2613.0,12765.0,41.09,208808,0
354,config-0,socfb-Trinity100.mtx,social,,,10,2613.0,111996.0,20101.0,264779.0,2613.0,14875.0,40.2,209436,0
406,config-0,socfb-Trinity100.mtx,social,,,12,2613.0,111996.0,22012.0,268166.0,2613.0,16786.0,39.75,209896,0
458,config-0,socfb-Trinity100.mtx,social,,,16,2613.0,111996.0,26186.0,274764.0,2613.0,20960.0,43.9,208724,0
43,config-0,socfb-USFCA72.mtx,social,,,1,2682.0,65252.0,5498.0,141538.0,2682.0,134.0,16.73,155980,0
95,config-0,socfb-USFCA72.mtx,social,,,2,2682.0,65252.0,10731.0,150166.0,2682.0,5367.0,20.06,157164,0
147,config-0,socfb-USFCA72.mtx,social,,,3,2682.0,65252.0,11626.0,153739.0,2682.0,6262.0,20.76,157676,0
199,config-0,socfb-USFCA72.mtx,social,,,4,2682.0,65252.0,12645.0,157311.0,2682.0,7281.0,20.28,158160,0
251,config-0,socfb-USFCA72.mtx,social,,,6,2682.0,65252.0,16539.0,162663.0,2682.0,11175.0,19.9,158856,0
303,config-0,socfb-USFCA72.mtx,social,,,8,2682.0,65252.0,18451.0,167571.0,2682.0,13087.0,19.62,159532,0
355,config-0,socfb-USFCA72.mtx,social,,,10,2682.0,65252.0,20639.0,172369.0,2682.0,15275.0,19.36,160188,0
407,config-0,socfb-USFCA72.mtx,social,,,12,2682.0,65252.0,22563.0,175810.0,2682.0,17199.0,19.57,160640,0
459,config-0,socfb-USFCA72.mtx,social,,,16,2682.0,65252.0,26825.0,182488.0,2682.0,21461.0,19.51,161532,0
41,config-0,socfb-Vassar85.mtx,social,,,1,3068.0,119161.0,6277.0,250914.0,3068.0,141.0,35.24,214708,0
93,config-0,socfb-Vassar85.mtx,social,,,2,3068.0,119161.0,12273.0,260814.0,3068.0,6137.0,39.69,216064,0
145,config-0,socfb-Vassar85.mtx,social,,,3,3068.0,119161.0,13296.0,264901.0,3068.0,7160.0,39.52,216628,0
197,config-0,socfb-Vassar85.mtx,social,,,4,3068.0,119161.0,14443.0,268987.0,3068.0,8307.0,39.29,217204,0
249,config-0,socfb-Vassar85.mtx,social,,,6,3068.0,119161.0,18915.0,275111.0,3068.0,12779.0,37.44,218004,0
301,config-0,socfb-Vassar85.mtx,social,,,8,3068.0,119161.0,21083.0,280725.0,3068.0,14947.0,37.5,218776,0
353,config-0,socfb-Vassar85.mtx,social,,,10,3068.0,119161.0,23735.0,286201.0,3068.0,17599.0,36.91,219524,0
405,config-0,socfb-Vassar85.mtx,social,,,12,3068.0,119161.0,25805.0,290154.0,3068.0,19669.0,37.7,220040,0
457,config-0,socfb-Vassar85.mtx,social,,,16,3068.0,119161.0,30643.0,297794.0,3068.0,24507.0,37.28,221052,0
45,config-0,socfb-Wellesley22.mtx,social,,,1,2970.0,94899.0,6079.0,201994.0,2970.0,139.0,57.26,188480,0
97,config-0,socfb-Wellesley22.mtx,social,,,2,2970.0,94899.0,11883.0,211572.0,2970.0,5943.0,71.86,189792,0
149,config-0,socfb-Wellesley22.mtx,social,,,3,2970.0,94899.0,12874.0,215529.0,2970.0,6934.0,139.28,188304,0
201,config-0,socfb-Wellesley22.mtx,social,,,4,2970.0,94899.0,13989.0,219485.0,2970.0,8049.0,176.4,190888,0
253,config-0,socfb-Wellesley22.mtx,social,,,6,2970.0,94899.0,18235.0,225471.0,2970.0,12295.0,142.07,191664,0
305,config-0,socfb-Wellesley22.mtx,social,,,8,2970.0,94899.0,20333.0,230911.0,2970.0,14393.0,95.89,192416,0
357,config-0,socfb-Wellesley22.mtx,social,,,10,2970.0,94899.0,22825.0,236169.0,2970.0,16885.0,109.56,193140,0
409,config-0,socfb-Wellesley22.mtx,social,,,12,2970.0,94899.0,24899.0,239994.0,2970.0,18959.0,107.94,193644,0
461,config-0,socfb-Wellesley22.mtx,social,,,16,2970.0,94899.0,29481.0,247504.0,2970.0,23541.0,82.21,194648,0
32,config-0,socfb-Williams40.mtx,social,,,1,2790.0,112986.0,5716.0,237442.0,2790.0,136.0,35.99,207568,0
84,config-0,socfb-Williams40.mtx,social,,,2,2790.0,112986.0,11163.0,246428.0,2790.0,5583.0,40.85,208808,0
136,config-0,socfb-Williams40.mtx,social,,,3,2790.0,112986.0,12096.0,250147.0,2790.0,6516.0,39.49,209328,0
188,config-0,socfb-Williams40.mtx,social,,,4,2790.0,112986.0,13147.0,253859.0,2790.0,7567.0,39.14,209836,0
240,config-0,socfb-Williams40.mtx,social,,,6,2790.0,112986.0,17147.0,259485.0,2790.0,11567.0,44.64,208548,0
292,config-0,socfb-Williams40.mtx,social,,,8,2790.0,112986.0,19123.0,264603.0,2790.0,13543.0,40.65,211272,0
344,config-0,socfb-Williams40.mtx,social,,,10,2790.0,112986.0,21487.0,269521.0,2790.0,15907.0,40.68,211924,0
396,config-0,socfb-Williams40.mtx,social,,,12,2790.0,112986.0,23209.0,273166.0,2790.0,17629.0,40.45,212432,0
448,config-0,socfb-Williams40.mtx,social,,,16,2790.0,112986.0,27709.0,280182.0,2790.0,22129.0,40.5,213364,0
37,config-0,socfb-nips-ego.edges,social,,,1,2888.0,2981.0,5914.0,17828.0,2888.0,138.0,1.69,58184,0
89,config-0,socfb-nips-ego.edges,social,,,2,2888.0,2981.0,11557.0,27138.0,2888.0,5781.0,7.07,60216,0
141,config-0,socfb-nips-ego.edges,social,,,3,2888.0,2981.0,12524.0,30989.0,2888.0,6748.0,6.91,60896,0
193,config-0,socfb-nips-ego.edges,social,,,4,2888.0,2981.0,13607.0,34831.0,2888.0,7831.0,6.9,61572,0
245,config-0,socfb-nips-ego.edges,social,,,6,2888.0,2981.0,17803.0,40603.0,2888.0,12027.0,5.64,63700,0
297,config-0,socfb-nips-ego.edges,social,,,8,2888.0,2981.0,19843.0,45877.0,2888.0,14067.0,5.76,64780,0
349,config-0,socfb-nips-ego.edges,social,,,10,2888.0,2981.0,22191.0,51053.0,2888.0,16415.0,5.63,66068,0
401,config-0,socfb-nips-ego.edges,social,,,12,2888.0,2981.0,24169.0,54798.0,2888.0,18393.0,5.42,67116,0
453,config-0,socfb-nips-ego.edges,social,,,16,2888.0,2981.0,28847.0,62146.0,2888.0,23071.0,5.73,71660,0
19,config-0,web-EPA.edges,webgraph,,,1,4271.0,8909.0,8707.0,35292.0,4271.0,165.0,1.79,68128,0
71,config-0,web-EPA.edges,webgraph,,,2,4271.0,8909.0,17128.0,49162.0,4271.0,8586.0,3.68,70312,0
123,config-0,web-EPA.edges,webgraph,,,3,4271.0,8909.0,18582.0,54883.0,4271.0,10040.0,3.74,71228,0
175,config-0,web-EPA.edges,webgraph,,,4,4271.0,8909.0,20241.0,60556.0,4271.0,11699.0,3.75,72384,0
227,config-0,web-EPA.edges,webgraph,,,6,4271.0,8909.0,26364.0,69133.0,4271.0,17822.0,3.43,76184,0
279,config-0,web-EPA.edges,webgraph,,,8,4271.0,8909.0,29428.0,76910.0,4271.0,20886.0,3.53,78632,0
331,config-0,web-EPA.edges,webgraph,,,10,4271.0,8909.0,32658.0,84557.0,4271.0,24116.0,3.66,81480,0
383,config-0,web-EPA.edges,webgraph,,,12,4271.0,8909.0,35968.0,90140.0,4271.0,27426.0,4.24,82568,0
435,config-0,web-EPA.edges,webgraph,,,16,4271.0,8909.0,42922.0,101125.0,4271.0,34380.0,4.38,86264,0
21,config-0,web-edu.mtx,webgraph,,,1,3031.0,6474.0,6203.0,25392.0,3031.0,141.0,13.19,91652,0
73,config-0,web-edu.mtx,webgraph,,,2,3031.0,6474.0,12153.0,35181.0,3031.0,6091.0,32.59,93012,0
125,config-0,web-edu.mtx,webgraph,,,3,3031.0,6474.0,13176.0,39231.0,3031.0,7114.0,30.29,94364,0
177,config-0,web-edu.mtx,webgraph,,,4,3031.0,6474.0,14314.0,43271.0,3031.0,8252.0,30.21,97044,0
229,config-0,web-edu.mtx,webgraph,,,6,3031.0,6474.0,18758.0,49330.0,3031.0,12696.0,25.37,97972,0
281,config-0,web-edu.mtx,webgraph,,,8,3031.0,6474.0,20908.0,54898.0,3031.0,14846.0,32.87,99912,0
333,config-0,web-edu.mtx,webgraph,,,10,3031.0,6474.0,23354.0,60263.0,3031.0,17292.0,29.19,100828,0
385,config-0,web-edu.mtx,webgraph,,,12,3031.0,6474.0,25593.0,64207.0,3031.0,19531.0,27.67,103284,0
437,config-0,web-edu.mtx,webgraph,,,16,3031.0,6474.0,30431.0,71810.0,3031.0,24369.0,23.25,105152,0
22,config-0,web-indochina-2004.mtx,webgraph,,,1,11358.0,47606.0,23000.0,141192.0,11358.0,284.0,10.84,157220,0
74,config-0,web-indochina-2004.mtx,webgraph,,,2,11358.0,47606.0,56784.0,186062.0,11358.0,34068.0,11.43,161232,0
126,config-0,web-indochina-2004.mtx,webgraph,,,3,11358.0,47606.0,68136.0,208765.0,11358.0,45420.0,11.52,169888,0
178,config-0,web-indochina-2004.mtx,webgraph,,,4,11358.0,47606.0,79486.0,231464.0,11358.0,56770.0,11.97,173320,0
230,config-0,web-indochina-2004.mtx,webgraph,,,6,11358.0,47606.0,102180.0,276850.0,11358.0,79464.0,12.32,186596,0
282,config-0,web-indochina-2004.mtx,webgraph,,,8,11358.0,47606.0,124866.0,322220.0,11358.0,102150.0,13.32,203736,0
334,config-0,web-indochina-2004.mtx,webgraph,,,10,11358.0,47606.0,147544.0,367574.0,11358.0,124828.0,13.66,214704,0
386,config-0,web-indochina-2004.mtx,webgraph,,,12,11358.0,47606.0,170214.0,412912.0,11358.0,147498.0,14.49,224916,0
438,config-0,web-indochina-2004.mtx,webgraph,,,16,11358.0,47606.0,215530.0,503540.0,11358.0,192814.0,15.72,276412,0
23,config-0,web-spam.mtx,webgraph,,,1,4767.0,37375.0,9707.0,94224.0,4767.0,173.0,9.05,131000,0
75,config-0,web-spam.mtx,webgraph,,,2,4767.0,37375.0,19098.0,109711.0,4767.0,9564.0,11.63,133148,0
127,config-0,web-spam.mtx,webgraph,,,3,4767.0,37375.0,20697.0,116073.0,4767.0,11163.0,11.83,134016,0
179,config-0,web-spam.mtx,webgraph,,,4,4767.0,37375.0,22548.0,122434.0,4767.0,13014.0,12.15,137260,0
231,config-0,web-spam.mtx,webgraph,,,6,4767.0,37375.0,29295.0,132051.0,4767.0,19761.0,11.4,138688,0
283,config-0,web-spam.mtx,webgraph,,,8,4767.0,37375.0,32710.0,140770.0,4767.0,23176.0,11.38,140048,0
335,config-0,web-spam.mtx,webgraph,,,10,4767.0,37375.0,36546.0,149233.0,4767.0,27012.0,11.66,141356,0
387,config-0,web-spam.mtx,webgraph,,,12,4767.0,37375.0,39676.0,155490.0,4767.0,30142.0,11.21,142304,0
439,config-0,web-spam.mtx,webgraph,,,16,4767.0,37375.0,47487.0,167416.0,4767.0,37953.0,11.89,147268,0
20,config-0,web-webbase-2001.mtx,webgraph,,,1,16062.0,25593.0,32452.0,116070.0,16062.0,328.0,6.03,146104,0
72,config-0,web-webbase-2001.mtx,webgraph,,,2,16062.0,25593.0,80304.0,179668.0,16062.0,48180.0,6.96,162820,0
124,config-0,web-webbase-2001.mtx,webgraph,,,3,16062.0,25593.0,96360.0,211779.0,16062.0,64236.0,7.47,168300,0
176,config-0,web-webbase-2001.mtx,webgraph,,,4,16062.0,25593.0,112414.0,243886.0,16062.0,80290.0,7.84,185688,0
228,config-0,web-webbase-2001.mtx,webgraph,,,6,16062.0,25593.0,144516.0,308088.0,16062.0,112392.0,8.75,202988,0
280,config-0,web-webbase-2001.mtx,webgraph,,,8,16062.0,25593.0,176610.0,372274.0,16062.0,144486.0,9.78,223176,0
332,config-0,web-webbase-2001.mtx,webgraph,,,10,16062.0,25593.0,208696.0,436444.0,16062.0,176572.0,11.32,265800,0
384,config-0,web-webbase-2001.mtx,webgraph,,,12,16062.0,25593.0,240774.0,500598.0,16062.0,208650.0,11.39,283840,0
436,config-0,web-webbase-2001.mtx,webgraph,,,16,16062.0,25593.0,304906.0,628858.0,16062.0,272782.0,14.01,323632,0
